{
  "directory": "",
  "defaultZoom": 0.97,
  "isPixelStage": false,
  "boyfriend": [
    2550.6666666666697,
    15.3333333333333
  ],
  "girlfriend": [
    1936.66666666667,
    6.6666666666669983
  ],
  "opponent": [
    1683.33333333333,
    -29.666666666667
  ],
  "hide_girlfriend": false,
  "camera_boyfriend": [
    0.0,
    0.0
  ],
  "camera_opponent": [
    0.0,
    0.0
  ],
  "camera_girlfriend": [
    0.0,
    0.0
  ],
  "camera_speed": 1.0
}