{
  "directory": "",
  "defaultZoom": 0.7,
  "isPixelStage": false,
  "boyfriend": [
    1940.0,
    899.999999999998
  ],
  "girlfriend": [
    1249.9999999999991,
    904.999999999999
  ],
  "opponent": [
    919.999999999999,
    929.999999999999
  ],
  "hide_girlfriend": false,
  "camera_boyfriend": [
    0.0,
    0.0
  ],
  "camera_opponent": [
    0.0,
    0.0
  ],
  "camera_girlfriend": [
    0.0,
    0.0
  ],
  "camera_speed": 1.0
}